company_nature,stock_id,stock_name,stock_website
民营企业,000001.SZ,平安银行,http://www.bank.pingan.com 
国有相对控股企业,000002.SZ,万科A,http://www.vanke.com 
其它,000004.SZ,国农科技,http://www.sz000004.cn 
中外合资企业,000005.SZ,世纪星源,http://www.fountain.com.cn 
其它,000006.SZ,深振业A,http://www.zhenye.com 
民营相对控股企业,000007.SZ,全新好,http://www.sz000007.com 
国有企业,000008.SZ,神州高铁,http://www.shenzhou-gaotie.com 
民营企业,000009.SZ,中国宝安,http://www.chinabaoan.com 
民营相对控股企业,000010.SZ,*ST美丽,http://www.eco-beauty.cn 
其它,000011.SZ,深物业A,http://www.szwuye.com.cn 
民营企业,000012.SZ,南玻A,http://www.csgholding.com 
其它,000014.SZ,沙河股份,http://www.shahe.cn 
其它,000016.SZ,深康佳A,http://www.konka.com 
其它,000017.SZ,*ST中华A,http://www.cbc.com.cn 
其它,000019.SZ,深粮控股,http://www.slkg1949.com 
民营相对控股企业,000020.SZ,深华发A,http://www.hwafa.com.cn 
其它,000021.SZ,深科技,http://www.kaifa.cn 
其它,000023.SZ,深天地A,http://www.sztiandi.com 
"0755-83989378,0755-83989339",000025.SZ,特力A,http://www.tellus.cn 
其它,000026.SZ,飞亚达,http://www.fiytagroup.com 
其它,000027.SZ,深圳能源,http://www.sec.com.cn 
其它,000028.SZ,国药一致,http://www.szaccord.com.cn 
其它,000029.SZ,深深房A,http://www.sfjt.com.cn 
其它,000030.SZ,富奥股份,http://www.fawer.com.cn 
其它,000031.SZ,大悦城,http://www.cofco-property.cn 
其它,000032.SZ,深桑达A,http://www.sedind.com 
其它,000034.SZ,神州数码,http://www.digitalchina.com 
其它,000035.SZ,中国天楹,http://www.ctyi.com.cn 
其它,000036.SZ,华联控股,http://www.udcgroup.com 
其它,000037.SZ,深南电A,http://www.nsrd.com.cn 
其它,000038.SZ,深大通,http://www.chinadatong.com 
于玉群,000039.SZ,中集集团,http://www.cimc.com 
其它,000040.SZ,东旭蓝天,http://www.dongxulantian.com 
投资公司,000042.SZ,中洲控股,http://www.zztzkg.com 
其它,000045.SZ,深纺织A,http://www.chinasthc.com 
其它,000046.SZ,泛海控股,http://www.fhkg.com 
其它,000048.SZ,京基智农,http://www.kondarl.com 
其它,000049.SZ,德赛电池,http://www.desaybattery.com 
其它,000050.SZ,深天马A,http://www.tianma.cn 
肖杨健,000055.SZ,方大集团,http://www.fangda.com 
曹剑,000056.SZ,皇庭国际,http://www.wongtee000056.com 
"0755-83747939,0755-83747759",000058.SZ,深赛格,http://www.segcl.com.cn 
其它,000059.SZ,华锦股份,http://www.huajinchem.com 
其它,000060.SZ,中金岭南,http://www.nonfemet.com 
其它,000061.SZ,农产品,http://www.szap.com 
其它,000062.SZ,深圳华强,http://www.szhq000062.com 
其它,000063.SZ,中兴通讯,http://www.zte.com.cn 
其它,000065.SZ,北方国际,http://www.norinco-intl.com 
其它,000066.SZ,中国长城,http://www.greatwall.cn 
其它,000068.SZ,华控赛格,http://www.huakongseg.com.cn 
其它,000069.SZ,华侨城A,http://www.octholding.com 
其它,000070.SZ,特发信息,http://www.sdgi.com.cn 
其它,000078.SZ,海王生物,http://www.neptunus.com 
其它,000088.SZ,盐田港,http://www.yantian-port.com 
其它,000089.SZ,深圳机场,http://www.szairport.com 
其它,000090.SZ,天健集团,http://www.tagen.cn 
其它,000096.SZ,广聚能源,http://www.gj000096.com 
其它,000099.SZ,中信海直,http://www.cohc.citic 
其它,000100.SZ,TCL科技,http://www.tcl.com 
其它,000150.SZ,宜华健康,http://www.yihuahealth.com 
其它,000151.SZ,中成股份,http://www.complant-ltd.com 
其它,000153.SZ,丰原药业,http://www.bbcayy.com 
其它,000155.SZ,川能动力,http://www.cndl155.com 
其它,000156.SZ,华数传媒,http://www.wasu.com 
其它,000157.SZ,中联重科,http://www.zoomlion.com 
其它,000158.SZ,常山北明,http://www.csbmkj.com 
其它,000159.SZ,国际实业,http://www.xjgjsy.com 
国有企业,000166.SZ,申万宏源,http://www.swhygh.com 
其它,000301.SZ,东方盛虹,http://www.jsessh.com 
民营相对控股企业,000333.SZ,美的集团,http://www.midea.com 
王丽,000338.SZ,潍柴动力,http://www.weichaipower.com 
其它,000400.SZ,许继电气,http://www.xjgc.com 
其它,000401.SZ,冀东水泥,http://www.jdsn.com.cn 
其它,000402.SZ,金融街,http://www.jrjkg.com.cn 
其它,000403.SZ,双林生物,http:// 
其它,000404.SZ,长虹华意,http://www.hua-yi.cn 
其它,000407.SZ,胜利股份,http://www.vicome.com 
其它,000408.SZ,*ST藏格,http://www.zanggegf.com 
其它,000409.SZ,ST地矿,http://www.dkgf.ykjt.cn 
其它,000410.SZ,*ST沈机,http://www.smtcl.com 
其它,000411.SZ,英特集团,http://www.intmedic.com 
王庆,000413.SZ,东旭光电,http://www.dongxuguangdian.com.cn 
租赁公司,000415.SZ,渤海租赁,http://www.bohaileasing.com 
其它,000416.SZ,民生控股,http://www.mskg.com.cn 
其它,000417.SZ,合肥百货,http://www.hfbh.com.cn 
其它,000419.SZ,通程控股,http://www.e-tongcheng.com 
其它,000420.SZ,吉林化纤,http://www.jlcfc.com 
其它,000421.SZ,南京公用,http://www.nj-public.com 
其它,000422.SZ,ST宜化,http://www.hbyh.cn 
其它,000423.SZ,东阿阿胶,http://www.dongeejiao.com 
其它,000425.SZ,徐工机械,http://www.xgjx.xcmg.com 
其它,000426.SZ,兴业矿业,http://www.nmxyky.com 
其它,000428.SZ,华天酒店,http://www.huatian-hotel.com 
"020-29004619,020-29004523",000429.SZ,粤高速A,http://www.gpedcl.com 
其它,000430.SZ,张家界,http://www.zjjlyjt.com 
袁西坤,000488.SZ,晨鸣纸业,http://www.chenmingpaper.com 
其它,000498.SZ,山东路桥,http://www.sdlqgf.com 
李轩,000501.SZ,鄂武商A,http://www.wushang.com.cn 
民营企业,000502.SZ,绿景控股,http://www.000502.cn 
其它,000503.SZ,国新健康,http://www.crhms.cn 
其它,000504.SZ,ST生物,http://www.nhbiogroup.com 
其它,000505.SZ,京粮控股,http:// 
民营相对控股企业,000506.SZ,中润资源,http://www.sdzr.com 
其它,000507.SZ,珠海港,http://www.0507.com.cn 
民营相对控股企业,000509.SZ,*ST华塑,http:// 
民营企业,000510.SZ,新金路,http://www.xjinlu.cn 
中外合资企业,000513.SZ,丽珠集团,http://www.livzon.com.cn 
其它,000514.SZ,渝开发,http://www.cqukf.com 
投资公司,000516.SZ,国际医学,http://www.000516.cn 
民营企业,000517.SZ,荣安地产,http://www.rongan.com.cn 
其它,000518.SZ,四环生物,http://www.000518shsw.com 
国有企业,000519.SZ,中兵红箭,http://www.zbhj.norincogroup.com.cn 
其它,000520.SZ,长航凤凰,http://zgchfh.sinotrans-csc.com 
其它,000521.SZ,长虹美菱,http://www.meiling.com 
其它,000523.SZ,广州浪奇,http://www.lonkey.com.cn 
其它,000524.SZ,岭南控股,http://www.gzlnholdings.com 
其它,000525.SZ,红太阳,http://www.chinaredsun.com 
其它,000526.SZ,紫光学大,http:// 
其它,000528.SZ,柳工,http://www.liugong.com 
其它,000529.SZ,广弘控股,http://www.ghkg000529.com 
其它,000530.SZ,冰山冷热,http://www.bingshan.cn 
其它,000531.SZ,穗恒运A,http://www.hengyun.com.cn 
其它,000532.SZ,华金资本,http://www.huajinct.com 
其它,000533.SZ,顺钠股份,http://www.shunna.com.cn 
其它,000534.SZ,万泽股份,http://www.wedgeind.com 
其它,000536.SZ,*ST华映,http://www.cpttg.com 
其它,000537.SZ,广宇发展,http://www.gyfz000537.com 
其它,000538.SZ,云南白药,http://www.yunnanbaiyao.com.cn 
其它,000539.SZ,粤电力A,http://www.ged.com.cn 
其它,000540.SZ,中天金融,http://www.ztfgroup.com 
其它,000541.SZ,佛山照明,http://www.chinafsl.com 
其它,000543.SZ,皖能电力,http://www.wenergy.cn 
其它,000544.SZ,中原环保,http://www.cpepgc.com 
其它,000545.SZ,金浦钛业,http://www.nthcl.com 
其它,000546.SZ,金圆股份,http://www.jysn.com 
其它,000547.SZ,航天发展,http://www.casic-addsino.com 
投资公司,000548.SZ,湖南投资,http://www.hntz.com.cn 
其它,000550.SZ,江铃汽车,http://www.jmc.com.cn 
其它,000551.SZ,创元科技,http://www.000551.cn 
其它,000552.SZ,靖远煤电,http://www.jymdgs.com 
其它,000553.SZ,安道麦A,http://www.adama.com 
其它,000554.SZ,泰山石油,http:// 
其它,000555.SZ,神州信息,http://www.dcits.com 
其它,000557.SZ,西部创业,http://www.xbcy.nx.cn 
其它,000558.SZ,莱茵体育,http://www.lander.com.cn 
其它,000559.SZ,万向钱潮,http://www.wxqc.com.cn 
其它,000560.SZ,我爱我家,http://www.000560.5i5j.com 
其它,000561.SZ,烽火电子,http://www.fenghuo.cn 
王维华,000563.SZ,陕国投A,http://www.siti.com.cn 
民营企业,000564.SZ,供销大集,http://www.gongxiaodaji.com 
其它,000565.SZ,渝三峡A,http://www.sanxia.com 
其它,000566.SZ,海南海药,http://www.haiyao.com.cn 
资产管理公司,000567.SZ,海德股份,http://www.000567.com 
其它,000568.SZ,泸州老窖,http://www.lzlj.com 
其它,000570.SZ,苏常柴A,http://www.changchai.com.cn 
其它,000571.SZ,*ST大洲,http://www.sundiro.com 
164464万元,000572.SZ,ST海马,http://www.haima.com 
其它,000573.SZ,粤宏远A,http://www.winnerway.com.cn 
其它,000576.SZ,广东甘化,http://www.gdganhua.com 
0510-80505999,000581.SZ,威孚高科,http://www.weifu.com.cn 
何典治,000582.SZ,北部湾港,http://www.bbwport.cn 
民营企业,000584.SZ,哈工智能,http://www.hgzngroup.com 
其它,000585.SZ,*ST东电,http://www.nee.com.cn 
民营相对控股企业,000586.SZ,汇源通信,http://www.schy.com.cn 
民营企业,000587.SZ,*ST金洲,http://www.goldzb.com 
其它,000589.SZ,贵州轮胎,http://www.gztyre.com 
其它,000590.SZ,启迪古汉,http://www.guhan.com 
国有企业,000591.SZ,太阳能,http://www.cecsec.cn 
其它,000592.SZ,平潭发展,http://www.000592.com 
民营企业,000593.SZ,大通燃气,http://www.dtrq.com 
其它,000595.SZ,*ST宝实,http://www.nxz.com.cn 
"0558-5712231,0558-5710057",000596.SZ,古井贡酒,http://www.gujing.com 
其它,000597.SZ,东北制药,http://www.nepharm.com.cn 
其它,000598.SZ,兴蓉环境,http://www.cdxrec.com 
其它,000599.SZ,青岛双星,http://www.doublestar.com.cn 
投资公司,000600.SZ,建投能源,http://www.jei.com.cn 
其它,000601.SZ,韶能股份,"http://www.shaoneng.com.cn,www.sn0601.com "
其它,000603.SZ,盛达资源,http://www.sdkygf.com 
其它,000605.SZ,渤海股份,http://www.bohai-water.com 
其它,000606.SZ,顺利办,http://www.shunliban.com 
其它,000607.SZ,华媒控股,http://www.000607.cn 
其它,000608.SZ,阳光股份,http://www.yangguangxinye.com 
投资公司,000609.SZ,中迪投资,http://www.zdinvest.com 
其它,000610.SZ,西安旅游,http://www.xatourism.com 
其它,000611.SZ,*ST天首,http:// 
其它,000612.SZ,焦作万方,http://www.jzwfly.cn 
民营相对控股企业,000613.SZ,大东海A,http:// 
投资公司,000615.SZ,京汉股份,http://www.000615.com.cn 
投资公司,000616.SZ,海航投资,http://www.hnainvestment.com 
其它,000617.SZ,中油资本,http://www.cnpccapital.cn 
其它,000619.SZ,海螺型材,http://profile.conch.cn 
民营企业,000620.SZ,新华联,http://www.xhlwl.com.cn 
其它,000622.SZ,恒立实业,http://www.hlsyfzjt.com 
其它,000623.SZ,吉林敖东,http://www.jlaod.com 
国有企业,000625.SZ,长安汽车,http://www.changan.com.cn 
其它,000626.SZ,远大控股,http://www.grand-holding.cn 
其它,000627.SZ,天茂集团,http://www.tianmaogroup.net 
其它,000628.SZ,高新发展,http://www.cdgxfz.com 
其它,000629.SZ,攀钢钒钛,http://www.pgvt.cn 
其它,000630.SZ,铜陵有色,http://www.tlys.cn 
其它,000631.SZ,顺发恒业,http://www.sfhy.cn 
其它,000632.SZ,三木集团,http://www.san-mu.com 
民营企业,000633.SZ,合金投资,http://www.xjhjtz.net 
其它,000635.SZ,英力特,http://www.yinglitechem.com 
其它,000636.SZ,风华高科,http://www.fenghua-advanced.com 
民营相对控股企业,000637.SZ,茂化实华,http://www.mhsh0637.com.cn 
其它,000638.SZ,万方发展,http://www.vanfund.cn 
民营相对控股企业,000639.SZ,西王食品,http://www.xwsp.cc 
其它,000650.SZ,仁和药业,http://www.renheyaoye.com 
望靖东,000651.SZ,格力电器,http://www.gree.com.cn 
022-65175652,000652.SZ,泰达股份,http://www.tedastock.com 
邱卫东,000655.SZ,金岭矿业,http://www.sdjlky.com 
民营企业,000656.SZ,金科股份,http://www.jinke.com 
其它,000657.SZ,中钨高新,http://www.minmetalstungsten.com 
民营相对控股企业,000659.SZ,珠海中富,http://www.zhongfu.com.cn 
其它,000661.SZ,长春高新,http://www.cchn.com.cn 
其它,000662.SZ,*ST天夏,http://www.txgis.com 
其它,000663.SZ,*ST永林,http://www.yonglin.com 
赵洪涛,000665.SZ,湖北广电,http://www.hrtn.net 
叶雪华,000666.SZ,经纬纺机,http://www.jwgf.com 
民营企业,000667.SZ,美好置业,http://www.000667.com 
民营相对控股企业,000668.SZ,荣丰控股,http://www.rongfengholding.com 
其它,000669.SZ,*ST金鸿,http://www.spjhe.com 
民营企业,000671.SZ,阳光城,http://www.yango.com.cn 
民营企业,000672.SZ,上峰水泥,http://www.sfsn.cn 
投资公司,000673.SZ,*ST当代,http://www.sz000673.com 
其它,000676.SZ,智度股份,http://www.genimous.com 
民营企业,000677.SZ,恒天海龙,http://www.helon.cn 
其它,000678.SZ,襄阳轴承,http://www.zxy.com.cn 
其它,000679.SZ,*ST友谊,http://www.sz000679.com 
其它,000680.SZ,山推股份,http://www.shantui.com 
其它,000681.SZ,视觉中国,http://www.vcg.com 
其它,000682.SZ,东方电子,http://www.dongfangelec.com 
其它,000683.SZ,远兴能源,http://www.yuanxing.com 
其它,000685.SZ,中山公用,http://www.zpug.net 
证券公司,000686.SZ,东北证券,http://www.nesc.cn 
其它,000687.SZ,*ST华讯,http://www.huaxunchina.com.cn 
其它,000688.SZ,国城矿业,http://www.gcky0688.com 
其它,000690.SZ,宝新能源,http://www.baolihua.com.cn 
其它,000691.SZ,亚太实业,http://www.ytsy000691.com 
其它,000692.SZ,惠天热电,http://www.htrd.cn 
魏伟,000695.SZ,滨海能源,http://www.binhaienergy.com 
其它,000697.SZ,炼石航空,http://www.lsmin.com 
其它,000698.SZ,沈阳化工,http://www.sychem.com 
民营企业,000700.SZ,模塑科技,http://www.000700.com 
其它,000701.SZ,厦门信达,http://www.xindeco.com.cn 
其它,000702.SZ,正虹科技,http://www.chinazhjt.com.cn 
民营企业,000703.SZ,恒逸石化,http://www.hengyishihua.com 
其它,000705.SZ,浙江震元,http://www.zjzy.com 
其它,000707.SZ,ST双环,http://www.hbshkj.cn 
其它,000708.SZ,中信特钢,http://www.swww.citicsteel.com 
其它,000709.SZ,河钢股份,http://www.hebgtgf.com 
其它,000710.SZ,贝瑞基因,http://www.berrygenomics.com 
其它,000711.SZ,京蓝科技,http://www.kinglandgroup.com 
其它,000712.SZ,锦龙股份,http://www.jlgf.com 
其它,000713.SZ,丰乐种业,http://www.fengle.com.cn 
其它,000715.SZ,中兴商业,http://www.zxbusiness.com 
其它,000716.SZ,黑芝麻,http://www.nanfangfood.com 
其它,000717.SZ,韶钢松山,http://www.sgss.com.cn 
其它,000718.SZ,苏宁环球,http://www.suning-universal.com 
赵国林,000719.SZ,中原传媒,http://www.zyddcm.com 
其它,000720.SZ,新能泰山,http://www.xntsgs.com 
其它,000721.SZ,西安饮食,http://www.chizhuanxian.com 
其它,000722.SZ,湖南发展,http://www.hnfzgf.com 
其它,000723.SZ,美锦能源,http://www.mjenergy.cn 
刘洪峰,000725.SZ,京东方A,http://www.boe.com 
民营相对控股企业,000726.SZ,鲁泰A,http://www.lttc.com.cn 
其它,000727.SZ,*ST东科,http://www.huadongtech.com 
证券公司,000728.SZ,国元证券,http://www.gyzq.com.cn 
其它,000729.SZ,燕京啤酒,http://www.yanjing.com.cn 
其它,000731.SZ,四川美丰,http://www.scmeif.com 
其它,000732.SZ,泰禾集团,http://www.tahoecn.com 
其它,000733.SZ,振华科技,http://www.czst.com.cn 
其它,000735.SZ,罗牛山,http://www.luoniushan.com 
其它,000736.SZ,中交地产,http://www.zhongjiaodichan.com 
其它,000737.SZ,ST南风,http://www.nafine.com 
其它,000738.SZ,航发控制,http://www.aaec.com.cn 
其它,000739.SZ,普洛药业,http://www.apeloa.com 
证券公司,000750.SZ,国海证券,http://www.ghzq.com.cn 
其它,000751.SZ,锌业股份,http://www.hldxygf.com 
其它,000752.SZ,*ST西发,http://irm.p5w.net/000752/index.html 
其它,000753.SZ,漳州发展,http://www.zzdc.com.cn 
其它,000755.SZ,山西路桥,http://www.sxsanwei.com 
曹长求,000756.SZ,新华制药,http://www.xhzy.com 
其它,000757.SZ,浩物股份,http://www.hwgf757.com 
其它,000758.SZ,中色股份,http://www.nfc.com.cn 
汪梅芳,000759.SZ,中百集团,http://www.whzb.com 
民营相对控股企业,000760.SZ,*ST斯太,http://www.steyr-motors.cn 
"024-47827003,024-47828980",000761.SZ,本钢板材,http:// 
其它,000762.SZ,西藏矿业,http:// 
其它,000766.SZ,通化金马,http://www.thjm.cn 
其它,000767.SZ,漳泽电力,http://www.zhangzepower.com 
其它,000768.SZ,中航飞机,http://www.aircraft_co.avic.com 
证券公司,000776.SZ,广发证券,http://www.gf.com.cn 
其它,000777.SZ,中核科技,http://www.chinasufa.com 
其它,000778.SZ,新兴铸管,http://www.xinxing-pipes.com 
其它,000779.SZ,甘咨询,http://www.gsgczx.cn 
其它,000780.SZ,*ST平能,http://pzny.chnenergy.com.cn 
其它,000782.SZ,美达股份,http://www.meidanylon.com 
证券公司,000783.SZ,长江证券,http://www.cjsc.com 
民营企业,000785.SZ,居然之家,http://www.juran.com.cn 
其它,000786.SZ,北新建材,http://www.bnbm.com.cn 
其它,000788.SZ,北大医药,http://www.pku-hc.com 
其它,000789.SZ,万年青,http://www.wnq.com.cn 
民营企业,000790.SZ,华神科技,http://www.thjkjt.com 
其它,000791.SZ,甘肃电投,http://www.gepiced.com 
其它,000792.SZ,*ST盐湖,http://www.qhyhgf.com 
投资公司,000793.SZ,华闻集团,http://www.000793.com 
其它,000795.SZ,英洛华,http://www.innuovo.com 
其它,000796.SZ,凯撒旅业,http://www.caissa.com.cn 
其它,000797.SZ,中国武夷,http://www.chinawuyi.com.cn 
其它,000798.SZ,中水渔业,http://www.cofc.com.cn 
其它,000799.SZ,酒鬼酒,http://www.jiuguijiu000799.com 
其它,000800.SZ,一汽解放,http://www.fawcar.com.cn 
曹巧云,000801.SZ,四川九洲,http://www.jiuzhoutech.com.cn 
其它,000802.SZ,北京文化,http://www.bjwhmedia.com 
宋玉飞,000803.SZ,*ST金宇,http://www.000803.cn 
投资公司,000806.SZ,*ST银河,http://www.g-biomed.com 
其它,000807.SZ,云铝股份,http://www.ylgf.com 
迟峰,000809.SZ,铁岭新城,http://www.tielingnewcity.com.cn 
民营相对控股企业,000810.SZ,创维数字,http://www.skyworthdigital.com 
孙秀欣,000811.SZ,冰轮环境,http://www.moon-tech.com 
其它,000812.SZ,陕西金叶,http://www.jinyegroup.cn 
其它,000813.SZ,德展健康,http://www.dezhanhealthcare.com 
投资公司,000815.SZ,美利云,http://www.china-meili.com 
142450万元,000816.SZ,ST慧业,http://www.jd.dongyin.com 
其它,000818.SZ,航锦科技,http://www.hangjintechnology.com 
国有企业,000819.SZ,岳阳兴长,http://www.yyxc0819.com 
其它,000820.SZ,*ST节能,http://www.sw-es.cn 
其它,000821.SZ,京山轻机,http://www.jsmachine.com.cn 
其它,000822.SZ,山东海化,http://www.chinahaihua.com 
其它,000823.SZ,超声电子,http://www.gd-goworld.com 
其它,000825.SZ,太钢不锈,http://tgbx.tisco.com.cn 
其它,000826.SZ,启迪环境,http://www.tus-est.com 
其它,000828.SZ,东莞控股,http://www.dgholdings.cn 
其它,000829.SZ,天音控股,http://www.chinatelling.com 
其它,000830.SZ,鲁西化工,http://www.luxichemical.com 
其它,000831.SZ,五矿稀土,http://www.cmreltd.com 
其它,000833.SZ,粤桂股份,http://www.yuegui.cn 
其它,000835.SZ,*ST长动,http://www.000835.com 
其它,000836.SZ,富通鑫茂,http://www.000836.net 
其它,000837.SZ,*ST秦机,http://www.qinchuan.com 
民营企业,000838.SZ,财信发展,http://www.casindev.com 
其它,000839.SZ,中信国安,http://www.citicguoaninfo.com 
其它,000848.SZ,承德露露,http://www.lolo.com.cn 
其它,000850.SZ,华茂股份,http://www.chinahuamao.net 
其它,000851.SZ,高鸿股份,http://www.gohigh.com.cn 
其它,000852.SZ,石化机械,http://www.sofe.sinopec.com 
其它,000856.SZ,冀东装备,http://www.jdzbgc.com 
其它,000858.SZ,五粮液,http://www.wuliangye.com.cn 
其它,000859.SZ,国风塑业,http://www.guofeng.com 
其它,000860.SZ,顺鑫农业,http://www.000860.com 
其它,000861.SZ,海印股份,http://www.000861.com 
其它,000862.SZ,银星能源,http://www.nxyxny.com.cn 
其它,000863.SZ,三湘印象,http://www.sxgf.com 
其它,000868.SZ,ST安凯,http://www.ankai.com 
其它,000869.SZ,张裕A,http://www.changyu.com.cn 
其它,000875.SZ,吉电股份,http://www.spicjl.com 
其它,000876.SZ,新希望,http://www.newhopeagri.com 
其它,000877.SZ,天山股份,http://www.sinoma-tianshan.cn 
其它,000878.SZ,云南铜业,http://www.yunnan-copper.com 
其它,000880.SZ,潍柴重机,http://www.weichaihm.com 
其它,000881.SZ,中广核技,http://www.cgnnt.com.cn 
其它,000882.SZ,华联股份,http://www.bhgmall.com.cn 
其它,000883.SZ,湖北能源,http://www.hbny.com.cn 
其它,000885.SZ,城发环境,http://www.hncde.cn 
其它,000886.SZ,海南高速,http://www.hi-expressway.com 
其它,000887.SZ,中鼎股份,http://www.zhongdinggroup.com 
其它,000888.SZ,峨眉山A,http://www.ems517.com 
其它,000889.SZ,中嘉博创,http://www.zjbctech.com 
其它,000890.SZ,*ST胜尔,http://www.chinafasten.cn 
其它,000892.SZ,欢瑞世纪,http://www.huanruisj.com 
投资公司,000893.SZ,东凌国际,http://www.donlink.cn 
其它,000895.SZ,双汇发展,http://www.shuanghui.net 
其它,000897.SZ,津滨发展,http://WWW.JBDC.COM.CN 
马连勇,000898.SZ,鞍钢股份,http://www.ansteel.com.cn 
其它,000899.SZ,赣能股份,http://www.000899.com 
投资公司,000900.SZ,现代投资,http://www.xdtz.net 
其它,000901.SZ,航天科技,http://www.as-hitech.com 
其它,000902.SZ,新洋丰,http://www.yonfer.com 
其它,000903.SZ,云内动力,http://www.yunneidongli.com 
其它,000905.SZ,厦门港务,http://www.xmgw.com.cn 
其它,000906.SZ,浙商中拓,http://www.zmd.com.cn 
其它,000908.SZ,景峰医药,http://www.jfyiyao.com 
其它,000909.SZ,数源科技,http://www.soyea.com.cn 
其它,000910.SZ,大亚圣象,http://www.dareglobal.com.cn 
其它,000911.SZ,ST南糖,http://www.nnsugar.com 
其它,000912.SZ,泸天化,http://www.sclth.com 
其它,000913.SZ,钱江摩托,http://www.qjmotor.com 
其它,000915.SZ,山大华特,http://www.sd-wit.com 
其它,000917.SZ,电广传媒,http://www.tik.com.cn 
其它,000918.SZ,嘉凯城,http://www.calxon-group.com 
其它,000919.SZ,金陵药业,http://www.jlyy1999.com 
其它,000920.SZ,南方汇通,http://www.crrcgc.cc/ht 
0757-28362570,000921.SZ,海信家电,http://hxjd.hisense.cn 
其它,000922.SZ,佳电股份,http://www.jemlc.com 
其它,000923.SZ,河钢资源,http://www.hbiszy.com 
其它,000925.SZ,众合科技,http://www.unittec.com 
其它,000926.SZ,福星股份,http://www.chinafxkj.com 
其它,000927.SZ,*ST夏利,http://www.tjfaw.com.cn 
其它,000928.SZ,中钢国际,http://mecc.sinosteel.com 
其它,000929.SZ,兰州黄河,http://www.yellowriver.net.cn 
其它,000930.SZ,中粮科技,http://www.cofcotech.com 
民营相对控股企业,000931.SZ,中关村,http://www.centek.com.cn 
其它,000932.SZ,华菱钢铁,http://www.valin.cn 
其它,000933.SZ,神火股份,http://www.shenhuo.com 
其它,000935.SZ,四川双马,http://www.sc-shuangma.com 
其它,000936.SZ,华西股份,http://www.jshuaxicun.com 
其它,000937.SZ,冀中能源,http://www.jznygf.com 
其它,000938.SZ,紫光股份,http://www.thunis.com 
其它,000948.SZ,南天信息,http://www.nantian.com.cn 
其它,000949.SZ,新乡化纤,http://www.bailu.com 
其它,000950.SZ,重药控股,http://www.cqphar.com 
其它,000951.SZ,中国重汽,http://www.sinotruk.com 
其它,000952.SZ,广济药业,http://www.guangjipharm.com 
其它,000953.SZ,*ST河化,http://www.hechihuagong.com.cn 
其它,000955.SZ,欣龙控股,http://www.xinlong-holding.com 
其它,000957.SZ,中通客车,http://www.zhongtong.com 
其它,000958.SZ,东方能源,http://www.spichebei.com 
其它,000959.SZ,首钢股份,http://www.sggf.com.cn 
其它,000960.SZ,锡业股份,http://www.ytl.com.cn 
其它,000961.SZ,中南建设,http://www.zhongnangroup.cn 
其它,000962.SZ,东方钽业,http://www.otic.com.cn 
其它,000963.SZ,华东医药,http://www.eastchinapharm.com 
其它,000965.SZ,天保基建,http://www.tbjijian.com 
其它,000966.SZ,长源电力,http://www.cydl.com.cn 
其它,000967.SZ,盈峰环境,http://www.inforeenviro.com 
其它,000968.SZ,蓝焰控股,http://www.tymqh.com 
其它,000969.SZ,安泰科技,http://www.atmcn.com 
其它,000970.SZ,中科三环,http://www.san-huan.com.cn 
其它,000971.SZ,*ST高升,http://www.gosun.com 
其它,000972.SZ,ST中基,http://www.chalkistomato.com 
其它,000973.SZ,佛塑科技,http://www.fspg.com.cn 
其它,000975.SZ,银泰黄金,http://www.ytg000975.com 
其它,000976.SZ,华铁股份,http://www.huatie-railway.com 
其它,000977.SZ,浪潮信息,http://www.inspur.com 
其它,000978.SZ,桂林旅游,http://www.guilintravel.com 
其它,000980.SZ,*ST众泰,http://www.zotye.com 
其它,000981.SZ,*ST银亿,http://www.chinayinyi.cn 
其它,000982.SZ,*ST中绒,http://www.zhongyincashmere.com 
其它,000983.SZ,西山煤电,http://www.xsmd.com.cn 
其它,000985.SZ,大庆华科,http://www.huake.com 
金融控股集团,000987.SZ,越秀金控,http://www.yuexiu-finance.com 
其它,000988.SZ,华工科技,http://www.hgtech.com.cn 
其它,000989.SZ,九芝堂,http://www.hnjzt.com 
其它,000990.SZ,诚志股份,http://www.chengzhi.com.cn 
其它,000993.SZ,闽东电力,http://www.mdep.com.cn 
投资公司,000996.SZ,中国中期,http://www.cifco996.com 
其它,000997.SZ,新大陆,http://dt.newland.com.cn 
其它,000998.SZ,隆平高科,http://www.lpht.com.cn 
其它,000999.SZ,华润三九,http://www.999.com.cn 
民营企业,001696.SZ,宗申动力,http://www.zsengine.com 
其它,001872.SZ,招商港口,http://www.szcwh.com 
其它,001896.SZ,豫能控股,http://www.yuneng.com.cn 
其它,001914.SZ,招商积余,http://www.cmpo1914.com 
国有企业,001965.SZ,招商公路,http://www.cmexpressway.com 
国有企业,001979.SZ,招商蛇口,http://www.cmsk1979.com 
其它,002001.SZ,新和成,http://www.cnhu.com 
其它,002002.SZ,鸿达兴业,http://www.002002.cn 
75802万元,002003.SZ,伟星股份,http://www.weixing.cn 
其它,002004.SZ,华邦健康,http://www.huapont.com.cn 
其它,002005.SZ,*ST德豪,http://www.electech.com.cn 
其它,002006.SZ,精功科技,http://www.jgtec.com.cn 
其它,002007.SZ,华兰生物,http://www.hualanbio.com 
其它,002008.SZ,大族激光,http://www.hanslaser.com 
其它,002009.SZ,天奇股份,http://www.chinaconveyor.com 
其它,002010.SZ,传化智联,http://www.transfarzl.com 
其它,002011.SZ,盾安环境,http://www.dunan.net 
其它,002012.SZ,凯恩股份,http://www.zjkan.com 
其它,002013.SZ,中航机电,http://www.avicem.com 
其它,002014.SZ,永新股份,http://www.novel.com.cn 
135246万元,002015.SZ,协鑫能科,http://www.gcl-et.com 
其它,002016.SZ,世荣兆业,http://www.shirongzhaoye.com 
其它,002017.SZ,东信和平,http://www.eastcompeace.com 
其它,002019.SZ,亿帆医药,http://www.yifanyy.com 
其它,002020.SZ,京新药业,http://www.jingxinpharm.com 
投资公司,002021.SZ,ST中捷,http://www.zoje.com 
其它,002022.SZ,科华生物,http://www.skhb.com 
其它,002023.SZ,海特高新,http://www.schtgx.com 
其它,002024.SZ,苏宁易购,"http://www.suning.cn,www.suning.com "
其它,002025.SZ,航天电器,http://www.gzhtdq.com.cn 
其它,002026.SZ,山东威达,http://www.weidapeacock.com 
其它,002027.SZ,分众传媒,http://www.focusmedia.cn 
其它,002028.SZ,思源电气,http://www.sieyuan.com 
其它,002029.SZ,七匹狼,http://www.septwolves.com 
其它,002030.SZ,达安基因,http://www.daangene.com 
其它,002031.SZ,巨轮智能,http://www.greatoo.com 
其它,002032.SZ,苏泊尔,http://www.supor.com.cn 
其它,002033.SZ,丽江股份,http://www.ltg.cn 
其它,002034.SZ,旺能环境,http://www.wannaenergy.com 
其它,002035.SZ,华帝股份,http://www.vatti.com.cn 
其它,002036.SZ,联创电子,http://www.lcetron.com 
其它,002037.SZ,保利联合,http://www.gzjiulian.com 
其它,002038.SZ,双鹭药业,http://www.slpharm.com.cn 
其它,002039.SZ,黔源电力,http://www.gzqydl.cn 
其它,002040.SZ,南京港,http://www.nj-port.com 
其它,002041.SZ,登海种业,http://www.sddhzy.com 
其它,002042.SZ,华孚时尚,http://www.huafuyarn.com 
其它,002043.SZ,兔宝宝,http://www.dhwooden.com 
其它,002044.SZ,美年健康,http://www.health-100.cn 
其它,002045.SZ,国光电器,http://www.ggec.com.cn 
其它,002046.SZ,轴研科技,http://www.sinomach-pi.cn 
其它,002047.SZ,宝鹰股份,http://www.szby.cn 
其它,002048.SZ,宁波华翔,http://www.nbhx.com.cn 
其它,002049.SZ,紫光国微,http://www.gosinoic.com 
其它,002050.SZ,三花智控,http://www.zjshc.com 
其它,002051.SZ,中工国际,http://www.camce.com.cn 
其它,002052.SZ,*ST同洲,http://www.coship.com 
投资公司,002053.SZ,云南能投,http://www.cnyeic.com 
其它,002054.SZ,德美化工,http://www.dymatic.com 
其它,002055.SZ,得润电子,http://www.deren.com 
其它,002056.SZ,横店东磁,http://www.chinadmegc.com 
其它,002057.SZ,中钢天源,http://www.ty-magnet.com 
其它,002058.SZ,威尔泰,http://www.welltech.cn 
其它,002059.SZ,云南旅游,http://www.ynlygf.com 
其它,002060.SZ,粤水电,http://www.gdsdej.com 
其它,002061.SZ,浙江交科,http://www.zjjiaoke.com 
其它,002062.SZ,宏润建设,http://www.chinahongrun.com 
其它,002063.SZ,远光软件,http://www.ygsoft.com 
其它,002064.SZ,华峰氨纶,http://www.spandex.com.cn 
其它,002065.SZ,东华软件,http://www.dhcc.com.cn 
其它,002066.SZ,瑞泰科技,http://www.bjruitai.com 
其它,002067.SZ,景兴纸业,http://www.zjjxjt.com 
其它,002068.SZ,黑猫股份,http://www.jx-blackcat.com 
其它,002069.SZ,獐子岛,http://www.zhangzidao.com 
其它,002071.SZ,*ST长城,http://www.chinaccys.com 
其它,002072.SZ,ST凯瑞,http:// 
其它,002073.SZ,软控股份,http://www.mesnac.com 
其它,002074.SZ,国轩高科,http://www.gotion.com.cn 
其它,002075.SZ,沙钢股份,http://www.shaganggf.com 
其它,002076.SZ,*ST雪莱,http://www.cnlight.com 
其它,002077.SZ,*ST大港,http://www.dggf.cn 
其它,002078.SZ,太阳纸业,http://www.sunpapergroup.com 
其它,002079.SZ,苏州固锝,http://www.goodark.com 
其它,002080.SZ,中材科技,http://www.sinomatech.com 
其它,002081.SZ,金螳螂,http://www.goldmantis.com 
其它,002082.SZ,万邦德,http://www.wepon.com.cn 
其它,002083.SZ,孚日股份,http://www.sunvim.com 
其它,002084.SZ,海鸥住工,http://www.seagullgroup.cn 
其它,002085.SZ,万丰奥威,http://www.wfaw.com.cn 
其它,002086.SZ,*ST东洋,http://www.dfhy.cc 
其它,002087.SZ,新野纺织,http://www.xinye-tex.com 
36170.2万元,002088.SZ,鲁阳节能,http://www.luyang.com 
其它,002089.SZ,*ST新海,http://www.nsu.com.cn 
其它,002090.SZ,金智科技,http://www.wiscom.com.cn 
其它,002091.SZ,江苏国泰,http://www.gtiggm.com 
其它,002092.SZ,中泰化学,http://www.zthx.com 
其它,002093.SZ,国脉科技,http://www.gmiot.com 
其它,002094.SZ,青岛金王,http://www.chinakingking.com 
其它,002095.SZ,生意宝,http://www.corp.netsun.com 
其它,002096.SZ,南岭民爆,http://www.hnnlmb.com 
其它,002097.SZ,山河智能,http://www.sunward.com.cn 
其它,002098.SZ,浔兴股份,http://www.sbszipper.com 
其它,002099.SZ,海翔药业,http://www.hisoar.com 
其它,002100.SZ,天康生物,http://www.tcsw.com.cn 
其它,002101.SZ,广东鸿图,http://www.ght-china.com 
其它,002102.SZ,ST冠福,http://www.guanfu.com 
其它,002103.SZ,广博股份,http://www.guangbo.net 
其它,002104.SZ,恒宝股份,http://www.hengbao.com 
其它,002105.SZ,信隆健康,http://www.hlcorp.com 
其它,002106.SZ,莱宝高科,http://www.laibao.com.cn 
57721万元,002107.SZ,沃华医药,http://www.wohua.cn 
其它,002108.SZ,沧州明珠,http://www.cz-mz.com 
其它,002109.SZ,兴化股份,http://www.snxhchem.com 
其它,002110.SZ,三钢闽光,http://www.sgmg.com.cn 
其它,002111.SZ,威海广泰,http://www.guangtai.com.cn 
其它,002112.SZ,三变科技,http://www.sanbian.cn 
其它,002113.SZ,*ST天润,http://www.trfz.com 
其它,002114.SZ,罗平锌电,http://www.lpxdgf.cn 
其它,002115.SZ,三维通信,http://www.sunwave.com.cn 
其它,002116.SZ,中国海诚,http://www.haisum.com 
其它,002117.SZ,东港股份,http://www.tungkong.com.cn 
其它,002118.SZ,紫鑫药业,http://www.jilinzixin.com.cn 
其它,002119.SZ,康强电子,http://www.kangqiang.com 
其它,002120.SZ,韵达股份,http://www.yundaex.com 
其它,002121.SZ,*ST科陆,http://www.szclou.com 
其它,002122.SZ,*ST天马,http://www.tianma-group.net 
其它,002123.SZ,梦网集团,http://www.montnets.com 
其它,002124.SZ,天邦股份,http://www.tianbang.com 
其它,002125.SZ,湘潭电化,http://www.chinaemd.com 
其它,002126.SZ,银轮股份,http://www.yinlun.cn 
其它,002127.SZ,南极电商,http://www.nanjids.com 
其它,002128.SZ,露天煤业,http://www.nmghlhltmy.com 
其它,002129.SZ,中环股份,http://www.tjsemi.com 
其它,002130.SZ,沃尔核材,http://www.woer.com 
其它,002131.SZ,利欧股份,http://www.leogroup.cn 
其它,002132.SZ,恒星科技,http://www.hengxingchinese.com 
其它,002133.SZ,广宇集团,http://www.cosmosgroup.com.cn 
其它,002134.SZ,天津普林,http://www.toppcb.com 
其它,002135.SZ,东南网架,http://www.dongnanwangjia.com 
其它,002136.SZ,安纳达,http://www.andty.com 
其它,002137.SZ,麦达数字,http://www.mindatagroup.com 
其它,002138.SZ,顺络电子,http://www.sunlordinc.com 
其它,002139.SZ,拓邦股份,http://www.topband.com.cn 
其它,002140.SZ,东华科技,http://www.chinaecec.com 
其它,002141.SZ,贤丰控股,http://www.sz002141.com 
城市商业银行,002142.SZ,宁波银行,http://www.nbcb.com.cn 
其它,002144.SZ,宏达高科,http://www.zjhongda.com.cn 
其它,002145.SZ,中核钛白,http://www.zhtb.com 
其它,002146.SZ,荣盛发展,http://www.risesun.cn 
其它,002147.SZ,*ST新光,http://www.xgycgroup.com 
其它,002148.SZ,北纬科技,http://www.bisp.com 
其它,002149.SZ,西部材料,http://www.c-wmm.com 
其它,002150.SZ,通润装备,http://www.tongrunindustries.com 
其它,002151.SZ,北斗星通,http://www.BDStar.com 
其它,002152.SZ,广电运通,http://www.grgbanking.com 
其它,002153.SZ,石基信息,http://www.shijigroup.com 
其它,002154.SZ,报喜鸟,http://www.baoxiniao.com.cn 
其它,002155.SZ,湖南黄金,http://www.hngoldcorp.com 
其它,002156.SZ,通富微电,http://www.tfme.com 
其它,002157.SZ,正邦科技,http://www.zhengbang.com 
其它,002158.SZ,汉钟精机,http://www.hanbell.com.cn 
其它,002159.SZ,三特索道,http://www.sante.com.cn 
其它,002160.SZ,常铝股份,http://www.alcha.com 
其它,002161.SZ,远望谷,http://www.invengo.cn 
其它,002162.SZ,悦心健康,http://www.everjoyhealth.com 
其它,002163.SZ,海南发展,http://www.sanxinglass.com 
其它,002164.SZ,宁波东力,http://www.donly.com.cn 
其它,002165.SZ,红宝丽,http://www.hongbaoli.com 
其它,002166.SZ,莱茵生物,http://www.layn.com.cn 
其它,002167.SZ,东方锆业,http://www.orientzr.com 
其它,002168.SZ,惠程科技,http://www.hifuture.com 
其它,002169.SZ,智光电气,http://www.gzzg.com.cn 
其它,002170.SZ,芭田股份,http://www.batian.com.cn 
其它,002171.SZ,楚江新材,http://www.ahcjxc.com 
其它,002172.SZ,澳洋健康,http://www.aykj.cn 
其它,002173.SZ,创新医疗,http://www.chxyl.com 
其它,002174.SZ,游族网络,http://www.yoozoo.com 
其它,002175.SZ,*ST东网,http://www.eastwindows.com 
其它,002176.SZ,*ST江特,http://www.jiangte.com.cn 
其它,002177.SZ,御银股份,http://www.kingteller.com.cn 
其它,002178.SZ,延华智能,http://www.chinaforwards.com 
其它,002179.SZ,中航光电,http://www.jonhon.cn 
其它,002180.SZ,纳思达,http://www.apexmic.cn 
其它,002181.SZ,粤传媒,http://www.gdgzrb.com 
其它,002182.SZ,云海金属,http://www.rsm.com.cn 
其它,002183.SZ,怡亚通,http://www.eascs.com 
其它,002184.SZ,海得控制,http://www.hite.com.cn 
其它,002185.SZ,华天科技,http://www.tshtkj.com 
其它,002186.SZ,全聚德,http://www.quanjude.com.cn 
其它,002187.SZ,广百股份,http://www.grandbuy.com.cn 
其它,002188.SZ,ST巴士,http://www.busonline.com 
其它,002189.SZ,中光学,http://www.lida-oe.com 
其它,002190.SZ,成飞集成,http://www.cac-citc.com 
其它,002191.SZ,劲嘉股份,http://www.jinjia.com 
其它,002192.SZ,*ST融捷,http://www.luxiang.cn 
其它,002193.SZ,如意集团,http://www.shandongruyi.com 
其它,002194.SZ,武汉凡谷,http://www.fingu.com 
其它,002195.SZ,二三四五,http://www.2345.net 
其它,002196.SZ,方正电机,http://www.fdm.com.cn 
其它,002197.SZ,证通电子,http://www.szzt.com.cn 
其它,002198.SZ,嘉应制药,http://www.gdjyzy.com.cn 
其它,002199.SZ,东晶电子,http://www.ecec.com.cn 
其它,002200.SZ,ST云投,http://www.yt-eco.com 
其它,002201.SZ,九鼎新材,http://www.cjdg.com 
其它,002202.SZ,金风科技,http://www.goldwind.com.cn 
其它,002203.SZ,海亮股份,http://www.hailiang.com 
其它,002204.SZ,大连重工,http://www.dhidcw.com 
其它,002205.SZ,国统股份,http://www.xjgt.com 
其它,002206.SZ,海利得,http://www.halead.com 
其它,002207.SZ,准油股份,http://www.zygf.com.cn 
其它,002208.SZ,合肥城建,http://www.hucd.cn 
其它,002209.SZ,达意隆,http://www.tech-long.com 
其它,002210.SZ,*ST飞马,http://www.fmscm.com 
其它,002211.SZ,宏达新材,http://www.002211sh.com 
其它,002212.SZ,南洋股份,http://www.nanyangcable.com 
其它,002213.SZ,特尔佳,http://www.terca.cn 
其它,002214.SZ,大立科技,http://www.dali-tech.com 
其它,002215.SZ,诺普信,http://www.noposion.com 
其它,002216.SZ,三全食品,http://www.sanquan.com 
其它,002217.SZ,合力泰,http://www.holitech.net 
其它,002218.SZ,拓日新能,"http://www.topraysolar.com,www.topraysolar.cn "
其它,002219.SZ,*ST恒康,http://www.hkmg.com 
其它,002220.SZ,天宝退,http://www.cn-tianbao.com 
其它,002221.SZ,东华能源,http://www.chinadhe.com 
其它,002222.SZ,福晶科技,http://www.castech.com 
其它,002223.SZ,鱼跃医疗,http://www.yuyue.com.cn 
其它,002224.SZ,三力士,http://www.v-belt.com 
其它,002225.SZ,濮耐股份,http://www.punai.com 
其它,002226.SZ,江南化工,http://www.ahjnhg.com 
其它,002227.SZ,奥特迅,http://www.atc-a.com 
其它,002228.SZ,合兴包装,http://www.hxpp.com.cn 
其它,002229.SZ,鸿博股份,http://www.hb-print.com.cn 
其它,002230.SZ,科大讯飞,http://www.iflytek.com 
其它,002231.SZ,奥维通信,http://www.syallwin.com 
其它,002232.SZ,启明信息,http://www.qm.cn 
其它,002233.SZ,塔牌集团,http://www.tapai.com 
其它,002234.SZ,民和股份,http://www.minhe.cn 
其它,002235.SZ,安妮股份,http://www.anne.com.cn 
其它,002236.SZ,大华股份,http://www.dahuatech.com 
其它,002237.SZ,恒邦股份,http://www.hbyl.cn 
其它,002238.SZ,天威视讯,http://www.topway.com.cn 
其它,002239.SZ,奥特佳,http://www.aotecar.com 
其它,002240.SZ,威华股份,http://www.gdweihua.cn 
其它,002241.SZ,歌尔股份,http://www.goertek.com 
其它,002242.SZ,九阳股份,http://www.joyoung.com 
其它,002243.SZ,通产丽星,http://www.beautystar.cn 
其它,002244.SZ,滨江集团,http://www.binjiang.com.cn 
其它,002245.SZ,澳洋顺昌,http://www.aucksun.com 
其它,002246.SZ,北化股份,http://www.bhgf.norincogroup.com.cn 
其它,002247.SZ,*ST聚力,http://www.dilong.cc 
其它,002248.SZ,华东数控,"http://www.huadongcnc.com,www.002248.net "
其它,002249.SZ,大洋电机,http://www.broad-ocean.com 
其它,002250.SZ,联化科技,http://www.lianhetech.com 
其它,002251.SZ,步步高,http://www.bbg.com.cn 
其它,002252.SZ,上海莱士,http://www.raas-corp.com 
其它,002253.SZ,川大智胜,http://www.wisesoft.com.cn 
其它,002254.SZ,泰和新材,http://www.tayho.com.cn 
其它,002255.SZ,*ST海陆,http://www.hailu-boiler.cn 
其它,002256.SZ,*ST兆新,http://www.szsunrisene.com 
其它,002258.SZ,利尔化学,http://www.lierchem.com 
其它,002259.SZ,*ST升达,http://www.shengdawood.com 
其它,002261.SZ,拓维信息,http://www.talkweb.com.cn 
其它,002262.SZ,恩华药业,http://www.nhwa-group.com 
其它,002263.SZ,大东南,http://www.chinaddn.com 
其它,002264.SZ,新华都,http://www.nhd-mart.com 
其它,002265.SZ,西仪股份,http://www.ynxygf.com 
其它,002266.SZ,浙富控股,http://www.zhefu.cn 
其它,002267.SZ,陕天然气,http://www.shaanxigas.com 
其它,002268.SZ,卫士通,http://www.westone.com.cn 
其它,002269.SZ,美邦服饰,http://www.corp.metersbonwe.com 
其它,002270.SZ,华明装备,http://www.huaming.com 
其它,002271.SZ,东方雨虹,http://www.yuhong.com.cn 
其它,002272.SZ,川润股份,http://www.chuanrun.cn 
其它,002273.SZ,水晶光电,http://www.crystal-optech.com 
其它,002274.SZ,华昌化工,http://www.huachangchem.cn 
其它,002275.SZ,桂林三金,http://www.sanjin.com.cn 
其它,002276.SZ,万马股份,http://www.wanma-cable.cn 
其它,002277.SZ,友阿股份,http://www.your-mart.cn 
其它,002278.SZ,神开股份,http://www.shenkai.com 
其它,002279.SZ,久其软件,http://www.jiuqi.com.cn 
其它,002280.SZ,*ST联络,http://www.lianluo.com 
其它,002281.SZ,光迅科技,http://www.accelink.com 
其它,002282.SZ,博深股份,http://www.bosuntools.com 
其它,002283.SZ,天润工业,http://www.tianrun.com 
其它,002284.SZ,亚太股份,http://www.apg.cn 
其它,002285.SZ,世联行,http://www.worldunion.com.cn 
其它,002286.SZ,保龄宝,http://www.blb-cn.com 
其它,002287.SZ,奇正藏药,http://www.cheezheng.com.cn 
其它,002288.SZ,超华科技,http://www.chaohuatech.com 
其它,002289.SZ,ST宇顺,http://www.szsuccess.com.cn 
其它,002290.SZ,ST中科创,http://www.szhssm.com.cn 
其它,002291.SZ,星期六,http://www.st-sat.com 
其它,002292.SZ,奥飞娱乐,http://www.gdalpha.com 
其它,002293.SZ,罗莱生活,http://www.luolai.com.cn 
其它,002294.SZ,信立泰,http://www.salubris.cn 
其它,002295.SZ,精艺股份,http://www.jingyimetal.com 
其它,002296.SZ,辉煌科技,http://www.hhkj.cn 
其它,002297.SZ,博云新材,http://www.hnboyun.com.cn 
其它,002298.SZ,中电兴发,http://www.ah-zdxl.com 
其它,002299.SZ,圣农发展,http://www.sunnercn.com 
其它,002300.SZ,太阳电缆,http://www.npcable.com 
其它,002301.SZ,齐心集团,http://www.qx.com 
其它,002302.SZ,西部建设,http://cwcg.cscec.com 
其它,002303.SZ,美盈森,http://www.szmys.com 
其它,002304.SZ,洋河股份,http://www.chinayanghe.com 
其它,002305.SZ,南国置业,http://www.langold.com.cn 
其它,002306.SZ,ST云网,http://www.cltg.com.cn 
其它,002307.SZ,北新路桥,http://www.bxlq.com 
其它,002308.SZ,威创股份,http://www.vtron.com 
其它,002309.SZ,中利集团,http://www.zhongli.com 
其它,002310.SZ,东方园林,http://www.orientscape.com 
其它,002311.SZ,海大集团,http://www.haid.com.cn 
其它,002312.SZ,三泰控股,http://www.isantai.com 
其它,002313.SZ,日海智能,http://www.sunseagroup.com 
其它,002314.SZ,南山控股,http://www.xnskg.cn 
其它,002315.SZ,焦点科技,http://www.focuschina.com 
其它,002316.SZ,亚联发展,http://www.asialink.com 
其它,002317.SZ,众生药业,http://www.zspcl.com 
其它,002318.SZ,久立特材,http://www.jiuli.com 
其它,002319.SZ,*ST乐通,http://www.letongink.com 
其它,002320.SZ,海峡股份,http://www.hnss.net.cn 
其它,002321.SZ,华英农业,http://www.hua-ying.com 
其它,002322.SZ,理工环科,http://www.lgom.com.cn 
其它,002323.SZ,*ST雅博,http://www.yabaite.com 
其它,002324.SZ,普利特,http://www.pret.com.cn 
其它,002325.SZ,洪涛股份,http://www.szhongtao.cn 
其它,002326.SZ,永太科技,http://www.yongtaitech.com 
其它,002327.SZ,富安娜,http://www.fuanna.com 
其它,002328.SZ,新朋股份,http://www.xinpeng.com 
其它,002329.SZ,皇氏集团,http://www.gxhsry.com 
其它,002330.SZ,得利斯,http://www.delisi.com.cn 
其它,002331.SZ,皖通科技,http://www.wantong-tech.net 
其它,002332.SZ,仙琚制药,http://www.xjpharma.com 
其它,002333.SZ,ST罗普,http://www.lpsk.com.cn 
其它,002334.SZ,英威腾,http://www.invt.com.cn 
其它,002335.SZ,科华恒盛,http://www.kehua.com.cn 
其它,002336.SZ,ST人乐,http://www.renrenle.cn 
其它,002337.SZ,赛象科技,http://www.chinarpm.com 
其它,002338.SZ,奥普光电,http://www.up-china.com 
其它,002339.SZ,积成电子,http://www.ieslab.com.cn 
其它,002340.SZ,格林美,http://www.gem.com.cn 
其它,002341.SZ,新纶科技,http://www.szselen.com 
其它,002342.SZ,巨力索具,http://www.julisling.com 
其它,002343.SZ,慈文传媒,http://www.ciwen.com.cn 
其它,002344.SZ,海宁皮城,http://www.zgpgc.com 
其它,002345.SZ,潮宏基,http://www.chjchina.com 
其它,002346.SZ,柘中股份,http://www.ch-zzcc.com 
其它,002347.SZ,泰尔股份,http://www.taiergroup.com 
其它,002348.SZ,高乐股份,http://www.高乐股份.com 
其它,002349.SZ,精华制药,http://www.ntjhzy.com 
其它,002350.SZ,北京科锐,http://www.creat-da.com.cn 
其它,002351.SZ,漫步者,http://www.edifier.com 
其它,002352.SZ,顺丰控股,http://www.sf-express.com 
其它,002353.SZ,杰瑞股份,http://www.jereh.com 
其它,002354.SZ,*ST天娱,http://www.tianshenyule.com 
其它,002355.SZ,兴民智通,http://www.xingmin.com 
其它,002356.SZ,*ST赫美,http://www.hemei.cn 
其它,002357.SZ,富临运业,http://www.scflyy.cn 
其它,002358.SZ,森源电气,http://www.hnsyec.com 
其它,002359.SZ,*ST北讯,http://www.northcomgroup.com 
其它,002360.SZ,同德化工,http://www.tondchem.com 
其它,002361.SZ,神剑股份,http://www.shen-jian.com 
其它,002362.SZ,汉王科技,http://www.hanwang.com.cn 
其它,002363.SZ,隆基机械,http://www.sdljjx.com.cn 
其它,002364.SZ,中恒电气,http://www.hzzh.com 
其它,002365.SZ,永安药业,http://www.chinataurine.com 
其它,002366.SZ,台海核电,http:// 
其它,002367.SZ,康力电梯,http://www.canny-elevator.com 
57792.8万元,002368.SZ,太极股份,http://www.taiji.com.cn 
其它,002369.SZ,卓翼科技,http://www.zowee.com.cn 
其它,002370.SZ,亚太药业,http://www.ytyaoye.com 
其它,002371.SZ,北方华创,http://www.naura.com 
其它,002372.SZ,伟星新材,http://www.vasen.com 
其它,002373.SZ,千方科技,http://www.ctfo.com 
其它,002374.SZ,丽鹏股份,http://www.lp.com.cn 
其它,002375.SZ,亚厦股份,http://www.chinayasha.com 
其它,002376.SZ,新北洋,http://www.snbc.cn 
其它,002377.SZ,国创高新,http://www.guochuang.com.cn 
其它,002378.SZ,章源钨业,http://www.zy-tungsten.com 
其它,002379.SZ,宏创控股,http://www.hongchuangholding.com 
其它,002380.SZ,科远智慧,http://www.sciyon.com 
其它,002381.SZ,双箭股份,http://www.doublearrow.net 
其它,002382.SZ,蓝帆医疗,http://www.bluesail.cn 
其它,002383.SZ,合众思壮,http://www.UniStrong.com 
其它,002384.SZ,东山精密,http://www.dsbj.com 
其它,002385.SZ,大北农,http://www.dbn.com.cn 
其它,002386.SZ,天原集团,http://www.ybty.com 
其它,002387.SZ,维信诺,http://www.visionox.com 
其它,002388.SZ,新亚制程,http://www.sunyes.cn 
其它,002389.SZ,航天彩虹,http://www.nykj.cc 
其它,002390.SZ,信邦制药,http://www.xinbang.com 
其它,002391.SZ,长青股份,http://www.jscq.com 
其它,002392.SZ,北京利尔,http://www.bjlirr.com 
其它,002393.SZ,力生制药,http://www.lishengpharma.com 
其它,002394.SZ,联发股份,http://www.lianfa.cn 
其它,002395.SZ,双象股份,http://www.sxcxgf.com 
其它,002396.SZ,星网锐捷,http://www.star-net.cn 
其它,002397.SZ,梦洁股份,http://www.mendale.com.cn 
其它,002398.SZ,垒知集团,http://www.lets.com 
其它,002399.SZ,海普瑞,http://www.hepalink.com 
其它,002400.SZ,省广集团,http://www.gimc.cn 
其它,002401.SZ,中远海科,http://tech.coscoshipping.com 
其它,002402.SZ,和而泰,http://www.szhittech.com 
其它,002403.SZ,爱仕达,http://www.chinaasd.com 
其它,002404.SZ,嘉欣丝绸,http://www.chinesesilk.cn 
其它,002405.SZ,四维图新,http://www.navinfo.com 
其它,002406.SZ,远东传动,http://www.yodonchina.com 
其它,002407.SZ,多氟多,http://www.dfdchem.com 
其它,002408.SZ,齐翔腾达,http://www.qxtdgf.com 
其它,002409.SZ,雅克科技,http://www.yokechem.com 
其它,002410.SZ,广联达,http://www.glodon.com 
其它,002411.SZ,延安必康,http://www.bikang.com.cn 
其它,002412.SZ,汉森制药,http://www.hansenzy.com 
其它,002413.SZ,雷科防务,http://www.racodf.com 
其它,002414.SZ,高德红外,http://www.wuhan-guide.com 
其它,002415.SZ,海康威视,http://www.hikvision.com 
其它,002416.SZ,爱施德,http://www.aisidi.com 
其它,002417.SZ,深南股份,http://www.sunafin.com 
其它,002418.SZ,*ST康盛,http://www.kasun.cn 
其它,002419.SZ,天虹股份,http://www.rainbow.cn 
其它,002420.SZ,*ST毅昌,http://www.echom.com 
其它,002421.SZ,达实智能,http://www.chn-das.com 
其它,002422.SZ,科伦药业,http://www.kelun.com 
其它,002423.SZ,中粮资本,http://www.zssw.com 
其它,002424.SZ,贵州百灵,http://www.gzbl.com 
其它,002425.SZ,凯撒文化,http://www.kaiser.com.cn 
其它,002426.SZ,*ST胜利,http://www.vicsz.com 
其它,002427.SZ,*ST尤夫,http://www.unifull.com 
其它,002428.SZ,云南锗业,http://www.sino-ge.com 
其它,002429.SZ,兆驰股份,http://www.szmtc.com.cn 
其它,002430.SZ,杭氧股份,http://www.hangyang.com 
其它,002431.SZ,棕榈股份,http://www.palm-la.com 
其它,002432.SZ,九安医疗,http://www.jiuan.com 
其它,002433.SZ,太安堂,http://www.tatonline.net 
其它,002434.SZ,万里扬,http://www.zjwly.com 
其它,002435.SZ,长江健康,http://www.cjrfjx.com 
其它,002436.SZ,兴森科技,http://www.chinafastprint.com 
其它,002437.SZ,誉衡药业,http://www.gloria.cc 
其它,002438.SZ,江苏神通,http://www.stfm.cn 
其它,002439.SZ,启明星辰,http://www.venustech.com.cn 
其它,002440.SZ,闰土股份,http://www.runtuchem.com 
其它,002441.SZ,众业达,http://www.zyd.cn 
其它,002442.SZ,龙星化工,http://www.hb-lx.com.cn 
其它,002443.SZ,金洲管道,http://www.chinakingland.com 
其它,002444.SZ,巨星科技,http://www.greatstartools.com 
其它,002445.SZ,*ST中南,http://www.znhi.com.cn 
其它,002446.SZ,盛路通信,http://www.shenglu.com 
其它,002447.SZ,*ST晨鑫,http://www.morningstarnet.com 
其它,002448.SZ,中原内配,http://www.hnzynp.com 
其它,002449.SZ,国星光电,http://www.nationstar.com 
其它,002450.SZ,*ST康得,http://www.kangdexin.com 
其它,002451.SZ,摩恩电气,http://www.mornelectric.com 
其它,002452.SZ,长高集团,http://www.changgaogroup.com 
其它,002453.SZ,华软科技,http://www.gcstgroup.com 
其它,002454.SZ,松芝股份,http://www.shsongz.com.cn 
其它,002455.SZ,百川股份,http://www.bcchem.com 
其它,002456.SZ,欧菲光,http://www.ofilm.com 
其它,002457.SZ,青龙管业,http://www.qlgd.com.cn 
其它,002458.SZ,益生股份,http://www.yishenggufen.com 
其它,002459.SZ,晶澳科技,http://www.jasolar.com 
其它,002460.SZ,赣锋锂业,http://www.ganfenglithium.com 
其它,002461.SZ,珠江啤酒,http://www.zhujiangbeer.com 
其它,002462.SZ,嘉事堂,http://www.cachet.com.cn 
其它,002463.SZ,沪电股份,http://www.wuscn.com 
其它,002464.SZ,众应互联,http://www.wholeasy.com 
其它,002465.SZ,海格通信,http://www.haige.com 
其它,002466.SZ,天齐锂业,http://www.tianqilithium.com 
其它,002467.SZ,二六三,http://www.net263.com 
其它,002468.SZ,申通快递,http://www.sto.cn 
其它,002469.SZ,三维工程,http://www.sdsunway.com.cn 
其它,002470.SZ,*ST金正,http://www.kingenta.com 
其它,002471.SZ,中超控股,http://www.zcdlgf.com 
其它,002472.SZ,双环传动,http://www.gearsnet.com 
其它,002473.SZ,圣莱达,http://www.nbslt.com 
其它,002474.SZ,榕基软件,http://www.rongji.com 
其它,002475.SZ,立讯精密,http://www.luxshare-ict.com 
其它,002476.SZ,宝莫股份,http://www.slcapam.com 
其它,002478.SZ,常宝股份,http://www.cbsteeltube.com 
其它,002479.SZ,富春环保,http://www.zhefuet.com 
其它,002480.SZ,新筑股份,http://www.xinzhu.com 
其它,002481.SZ,双塔食品,http://www.shuangtafood.com 
其它,002482.SZ,广田集团,http://www.szgt.com 
其它,002483.SZ,润邦股份,http://www.rainbowco.com.cn 
其它,002484.SZ,江海股份,http://www.jianghai.com 
其它,002485.SZ,希努尔,http://www.sinoer.com 
其它,002486.SZ,嘉麟杰,http://www.challenge-21c.com 
其它,002487.SZ,大金重工,http://www.dajin.cn 
其它,002488.SZ,金固股份,http://www.jgwheel.com 
其它,002489.SZ,浙江永强,http://www.yotrio.com 
其它,002490.SZ,山东墨龙,http://www.molonggroup.com 
其它,002491.SZ,通鼎互联,http://www.tdgd.com.cn 
其它,002492.SZ,恒基达鑫,http://www.winbase-tank.com 
其它,002493.SZ,荣盛石化,http://www.cnrspc.com 
其它,002494.SZ,华斯股份,http://www.huasikonggu.com 
其它,002495.SZ,佳隆股份,http://www.gdjlfood.com 
其它,002496.SZ,*ST辉丰,http://www.hfagro.com 
其它,002497.SZ,雅化集团,http://www.scyahua.com 
其它,002498.SZ,汉缆股份,http://www.hanhe-cable.com 
其它,002499.SZ,*ST科林,http://www.kelin-environment.com 
王怡里,002500.SZ,山西证券,http://www.sxzq.com 
其它,002501.SZ,*ST利源,http://www.liyuanlvye.com 
其它,002502.SZ,*ST鼎龙,http://www.huawei-stock.com 
其它,002503.SZ,搜于特,http://www.souyute.com 
其它,002504.SZ,弘高创意,http://www.honggao.com.cn 
其它,002505.SZ,大康农业,http://www.dkifa.com 
其它,002506.SZ,协鑫集成,http://www.gclsi.com 
其它,002507.SZ,涪陵榨菜,http://www.flzc.com 
其它,002508.SZ,老板电器,http://www.robam.com 
其它,002509.SZ,天茂退,http://www.tianguang.com 
其它,002510.SZ,天汽模,http://www.tqm.cn 
其它,002511.SZ,中顺洁柔,http://www.zhongshungroup.com 
其它,002512.SZ,达华智能,http://www.twh.com.cn 
其它,002513.SZ,*ST蓝丰,http://www.jslanfeng.com 
其它,002514.SZ,宝馨科技,http://www.boamax.com 
其它,002515.SZ,金字火腿,http://www.jinzichina.com 
其它,002516.SZ,旷达科技,http://www.kuangdacn.com 
其它,002517.SZ,恺英网络,http://www.kingnet.com 
其它,002518.SZ,科士达,http://www.kstar.com.cn 
其它,002519.SZ,银河电子,http://www.yinhe.com 
其它,002520.SZ,日发精机,http://www.rifapm.com 
其它,002521.SZ,齐峰新材,http://www.qifeng.cn 
其它,002522.SZ,浙江众成,http://www.zjzhongda.com 
其它,002523.SZ,天桥起重,http://www.tqcc.cn 
其它,002524.SZ,光正集团,http://www.gzss.cc 
其它,002526.SZ,山东矿机,http://www.sdkjjt.com 
其它,002527.SZ,新时达,http://www.stepelectric.com 
其它,002528.SZ,英飞拓,http://www.infinova.com.cn 
其它,002529.SZ,*ST海源,http://www.haiyuan-group.com 
其它,002530.SZ,金财互联,"http://www.foresee.com.cn,www.fengdong.com "
其它,002531.SZ,天顺风能,http://www.titanwind.com.cn 
其它,002532.SZ,新界泵业,http://www.shimge.com 
其它,002533.SZ,金杯电工,http://www.gold-cup.cn 
其它,002534.SZ,杭锅股份,http://www.chinaboilers.com 
其它,002535.SZ,*ST林重,http://www.lzzj.com 
其它,002536.SZ,飞龙股份,http://www.flacc.com 
其它,002537.SZ,海联金汇,http://www.haili.com.cn 
其它,002538.SZ,司尔特,http://www.sierte.com 
其它,002539.SZ,云图控股,http://www.wintrueholding.com 
其它,002540.SZ,亚太科技,"http://www.yatal.com,www.apalt.com "
其它,002541.SZ,鸿路钢构,http://www.hong-lu.com 
其它,002542.SZ,中化岩土,http://www.cge.com.cn 
其它,002543.SZ,万和电气,http://www.vanward.com 
其它,002544.SZ,杰赛科技,http://www.chinagci.com 
其它,002545.SZ,东方铁塔,http://www.qddftt.cn 
其它,002546.SZ,新联电子,http://www.xldz.com 
其它,002547.SZ,春兴精工,http://www.chunxing-group.com 
其它,002548.SZ,金新农,http://www.kingsino.cn 
其它,002549.SZ,凯美特气,http://www.china-kmt.com 
其它,002550.SZ,千红制药,http://www.qhsh.com.cn 
